Full Name,Quest,Favorite Color,Class,Race,Level,hw8 Grade,hw8 Feedback
Nicole Kleman,,Orange,Ranger,Dragonborn,15,,
Lydia Strebe,,Orange,Barbarian,Eladrin,20,,
Alex Hein,,Violet,Sorcerer,Dragonborn,4,,
Erik Shirley,,Yellow,Sorcerer,Tiefling,4,,
Ishika Nimmagadda,,Yellow,Monk,Gnome,18,,
Xiaoxin Wang,,Red,Monk,Half-elf,2,,
Wenjun Ping,,Indigo,Paladin,Tiefling,18,,
Huilin Gao,,Orange,Paladin,Human,10,,
Josh Li,,Violet,Barbarian,Eladrin,10,,
Ayush Nigade,,Yellow,Barbarian,Human,4,40,
Kevin Chen,,Orange,Ranger,Dragonborn,5,,
John Pultorak,,Orange,Fighter,Eladrin,9,,
Mitchell Slater,,Orange,Monk,Dwarf,20,,
Shreyas Chaturvedi,,Blue,Cleric,Tiefling,5,,
Julia Lingo,,Orange,Sorcerer,Tiefling,5,,
Sadman Enan,,Blue,Barbarian,Half-orc,3,,
Thien Nguyen,,Indigo,Paladin,Half-orc,2,,
Daniel Helgeson,,Red,Monk,Dragonborn,9,,
Guilherme Silva,,Green,Bard,Half-orc,3,,
Rumley Devine,,Green,Sorcerer,Half-orc,2,,
Bradley Cisar,,Blue,Barbarian,Half-elf,13,,
Owen Sutherland,,Green,Monk,Gnome,12,,
Ryan Koch,,Red,Barbarian,Half-elf,18,,
Yadani Asefa,,Yellow,Bard,Dragonborn,10,,
Darin Olson,,Green,Ranger,Elf,13,,
Laura Kong,,Green,Sorcerer,Eladrin,9,,
Audrey Douglas,,Indigo,Wizard,Gnome,13,,
Eric Slaughter,,Green,Ranger,Elf,11,,
Tipa Aji,,Blue,Cleric,Human,19,,
Ahmed Bade,,Red,Fighter,Eladrin,14,,
Kyle Beacham,,Orange,Druid,Half-orc,11,,
Yingjie Hu,,Blue,Druid,Human,18,,
Sydney Leung,,Red,Cleric,Dwarf,15,,
Laura Arias Fernandez,,Violet,Cleric,Tiefling,10,,
Jimmy Christner,,Indigo,Cleric,Eladrin,4,,
Jesse Chang,,Orange,Sorcerer,Eladrin,3,,
Owen Schuster,,Blue,Monk,Gnome,15,,
Jesse Li,,Violet,Bard,Half-elf,20,,
Jordan Warner,,Red,Bard,Dragonborn,9,,
Mitchell Hockenberry,,Blue,Druid,Human,16,,
Alex Fischer,,Orange,Ranger,Human,2,,
Patrick Gibbons-Peterson,,Blue,Wizard,Gnome,15,,
Logan Hegrenes,,Red,Ranger,Half-orc,5,,
Nimo Abdirashid,,Blue,Wizard,Eladrin,20,,
Aiden West,,Yellow,Paladin,Half-orc,7,,
Chance Foster,,Yellow,Sorcerer,Human,19,,
Ellyson Roepke,,Violet,Druid,Dwarf,19,,
Jackson Hillman,,Indigo,Ranger,Elf,15,,
Peter Ortiz,,Yellow,Wizard,Dragonborn,16,,
Mitchell Polk,,Blue,Bard,Human,9,,
Samantha Akin,,Red,Bard,Eladrin,11,,
Ethan Saunders,,Blue,Ranger,Dwarf,16,,
Man Nga Tsai,,Indigo,Cleric,Dragonborn,18,,
Junyu Liang,,Red,Bard,Elf,6,,
Amina Muumin,,Blue,Cleric,Tiefling,18,,
Sarah Christie,,Indigo,Fighter,Dragonborn,10,,
Jingyan Liu,,Red,Ranger,Dragonborn,8,,
Davis Jaeger,,Green,Fighter,Gnome,4,,
Alexander Mckee,,Yellow,Barbarian,Half-elf,2,,
Taranvir Johal,,Violet,Paladin,Half-elf,11,,
Joseph DiSpirito,,Yellow,Cleric,Half-elf,16,,
Bryce Welsch,,Green,Fighter,Human,13,,
Jefferson Enriquez-Garcia,,Red,Bard,Gnome,10,,
Lai Wei,,Red,Barbarian,Human,9,,
Diana Tsogtbaatar,,Red,Cleric,Eladrin,13,,
Nicolas Paredes Sepulveda,,Orange,Cleric,Gnome,13,,
Jonathan Clark-Harrer,,Yellow,Wizard,Dragonborn,7,,
Nathan Utecht,,Blue,Bard,Half-orc,9,,
Maritza Montiel,,Red,Ranger,Tiefling,7,,
Sarah Korth,,Violet,Ranger,Eladrin,10,,
Ben Garcia,,Green,Ranger,Eladrin,20,,
Devin Luque,,Violet,Paladin,Eladrin,5,,
Asher Olson,,Indigo,Druid,Gnome,7,,
Siyad Gedi,,Indigo,Druid,Dwarf,18,,
Yazhao Li,,Indigo,Barbarian,Dragonborn,3,,
Cassie Son,,Violet,Druid,Dragonborn,7,,
Gillian Bowman,,Blue,Ranger,Half-elf,9,,
Ciaradh Coomey,,Blue,Ranger,Dwarf,20,,
Yuchen Meng,,Indigo,Monk,Human,8,,
Ariel Leisso,,Indigo,Wizard,Gnome,16,,
Tyson Somers,,Yellow,Barbarian,Half-elf,4,,
Matthew Wells,,Red,Druid,Dwarf,5,,
Shamis Mohamud,,Indigo,Barbarian,Half-orc,8,,
Bradley Kim,,Indigo,Druid,Eladrin,4,,
Landon Dinger,,Indigo,Cleric,Dragonborn,7,,
Jacob West,,Green,Druid,Human,16,,
Christopher Krile,,Orange,Druid,Elf,11,,
Tenzin Woeser,,Orange,Barbarian,Human,8,,
Yuyang Jiang,,Blue,Sorcerer,Half-elf,3,,
Amanda Tersteeg,,Blue,Paladin,Half-orc,14,,
Ningjun Tan,,Green,Wizard,Tiefling,3,,
Jonathan Santiago,,Indigo,Paladin,Elf,17,,
Joshua Mays,,Red,Fighter,Half-orc,9,,
Patrick Jaime Simba,,Indigo,Monk,Gnome,19,,
Carson Dock,,Yellow,Ranger,Eladrin,2,,
Chunan Su,,Indigo,Fighter,Eladrin,17,,
Esete Tena,,Indigo,Monk,Human,7,,
Peter Teigland,,Orange,Ranger,Gnome,2,,
Samuel Rom,,Green,Druid,Half-orc,2,,
Yuyi Guan,,Indigo,Fighter,Gnome,20,,
Ayantu Hundessa,,Blue,Wizard,Half-elf,12,,
Luke Barth,,Blue,Fighter,Half-orc,9,,
Amber Rasinski,,Blue,Sorcerer,Half-elf,8,,
Stacy Yuan,,Yellow,Cleric,Gnome,13,,
Ying Chen,,Green,Barbarian,Tiefling,4,,
Nathan Yi,,Indigo,Monk,Dwarf,10,,
Peter Kast,,Violet,Wizard,Dragonborn,3,,
Melanie Humphrey,,Violet,Paladin,Half-orc,14,,
Diem Tran,,Blue,Sorcerer,Eladrin,8,,
Benjamin Asleson,,Violet,Barbarian,Eladrin,14,,
Dustin Wandrei,,Green,Fighter,Human,18,,
Prince Moore,,Indigo,Barbarian,Half-elf,9,,
Vayam Agarwal,,Orange,Barbarian,Eladrin,7,,
Anqi Wu,,Orange,Cleric,Elf,17,,
Kunal Rastogi,,Orange,Wizard,Gnome,6,,
Zachary Tverberg,,Red,Cleric,Elf,12,,
Yitong Zhang,,Red,Fighter,Tiefling,18,,
Steven Winship,,Violet,Monk,Half-orc,10,,
Alvin Tan,,Yellow,Monk,Tiefling,11,,
Gavin Jahn,,Orange,Druid,Human,7,,
Ian Anderson,,Violet,Sorcerer,Tiefling,19,,
Victoria Servetas,,Indigo,Cleric,Elf,5,,
Yichen Xu,,Green,Fighter,Elf,16,,
Yihao Zhang,,Yellow,Bard,Half-orc,16,,
Joseph Grendzinski,,Orange,Bard,Dwarf,15,,
Sara Hilo,,Green,Fighter,Dwarf,19,,
Fatima Browne,,Green,Fighter,Half-orc,8,,
Brady Partington,,Blue,Cleric,Dwarf,6,,
Abigail Wolters,,Green,Paladin,Tiefling,9,,
Jacob Rochell-Share,,Orange,Sorcerer,Half-orc,13,,
Hayley Aarsvold,,Red,Bard,Human,10,,
Vishnu Chhabra,,Violet,Ranger,Half-orc,20,,
Mulki Yusuf,,Orange,Barbarian,Half-elf,2,,
David Wang,,Blue,Fighter,Half-orc,18,,
Noah Zimmerman,,Orange,Wizard,Dragonborn,15,,
Matheus Barcellos,,Violet,Cleric,Eladrin,16,,
Karen Zhang,,Orange,Wizard,Dragonborn,20,,
Guy Heifetz,,Indigo,Druid,Dwarf,20,,
Shubham Singh,,Violet,Fighter,Dragonborn,5,,
Nate Brobjorg,,Violet,Druid,Half-elf,17,,
Emily DeChaine,,Yellow,Monk,Elf,3,,
Taylor Liao,,Orange,Fighter,Tiefling,11,,
Phuong Truong,,Violet,Sorcerer,Gnome,12,,
Yixuan Wang,,Green,Fighter,Dragonborn,16,,
Christopher Naing,,Violet,Fighter,Eladrin,17,,
Peter Zhang,,Blue,Wizard,Human,5,,
Jessica Chiu,,Indigo,Sorcerer,Eladrin,5,,
Sam Lee,,Green,Druid,Gnome,2,,
Zhouyang Gao,,Green,Sorcerer,Half-orc,17,,
Ed Shipp,,Blue,Paladin,Elf,5,,
Sydney Romandine,,Violet,Cleric,Tiefling,13,,
Jaeseong Choi,,Blue,Fighter,Tiefling,15,,
Bernice Young,,Indigo,Wizard,Human,13,,
Noah Slade,,Red,Fighter,Tiefling,17,,
Shahroze Khan,,Blue,Fighter,Dragonborn,13,,
Joy Alcala,,Blue,Bard,Dwarf,13,,
Lam Pham,,Red,Fighter,Dwarf,18,,
Robin Wang,,Orange,Barbarian,Tiefling,11,,
Hamza Benkhalifa,,Indigo,Ranger,Half-orc,11,,
Yuan Gao,,Yellow,Monk,Human,4,,
Jonathan Amos,,Yellow,Druid,Dragonborn,13,,
Asa Ulferts,,Orange,Barbarian,Eladrin,13,,
Jaweriya Jama,,Violet,Paladin,Elf,9,,
Elliot Tomas,,Orange,Druid,Gnome,14,,
Zoha Hassan,,Green,Cleric,Human,16,,
Mark Belgum,,Green,Ranger,Dragonborn,15,,
Tharaniitharan Panchalingam,,Blue,Sorcerer,Half-orc,11,,
Ayonika Bose,,Indigo,Wizard,Dwarf,2,,
Cade McGovern,,Red,Fighter,Dwarf,3,,
Megan Trullinger,,Yellow,Fighter,Dwarf,12,,
Rishi Selvakumaran,,Yellow,Fighter,Dragonborn,12,,
Ashina Jayan,,Violet,Fighter,Dwarf,15,,
Benjamin Nelson,,Green,Cleric,Elf,8,,
Charles Colman,,Blue,Ranger,Half-elf,4,,
Michael Weiner,,Blue,Fighter,Dragonborn,19,,
Zoe Wentzel,,Red,Bard,Dwarf,2,,
Donghee Im,,Red,Monk,Gnome,14,,
Kenji Her,,Yellow,Druid,Eladrin,4,,
Lauren Lea,,Blue,Sorcerer,Eladrin,4,,
William Trussell,,Indigo,Ranger,Dwarf,7,,
Henry Schmitz,,Yellow,Cleric,Elf,8,,
Isabel Dahl,,Orange,Sorcerer,Human,5,,
Sarah Gallagher,,Indigo,Sorcerer,Human,9,,
Max Lezer,,Green,Paladin,Half-orc,9,,
Ahmree Schear,,Indigo,Monk,Dwarf,9,,
Josh Militti,,Indigo,Bard,Eladrin,16,,
Sherilyn Ch'ng,,Violet,Druid,Eladrin,12,,
Albert Lin,,Red,Cleric,Dragonborn,11,,
Brendan Ritchie,,Indigo,Druid,Elf,10,,
Harsh Parikh,,Blue,Cleric,Dwarf,9,,
Vivian Pham,,Green,Fighter,Eladrin,19,,
Liwam Ogbe,,Orange,Monk,Dwarf,12,,
John Kujawa,,Violet,Ranger,Dwarf,12,,
Muhammad Malik,,Violet,Monk,Tiefling,10,,
Samantha Nyquist,,Yellow,Druid,Half-orc,11,,
Xuan Huang,,Violet,Ranger,Half-orc,9,,
Danielle Schrank,,Green,Monk,Tiefling,10,,
Justin Macho,,Indigo,Wizard,Half-elf,17,,
Cameron Nguyen,,Red,Wizard,Half-elf,14,,
Zachary Aanenson,,Yellow,Fighter,Eladrin,13,,
Zijun Yu,,Red,Monk,Human,4,,
Vincent Liu,,Green,Bard,Dragonborn,17,,
Mehraud Razzaghi,,Green,Monk,Gnome,5,,
Ed Nguyen,,Orange,Cleric,Dwarf,19,,
David Kushner,,Orange,Barbarian,Dwarf,15,,
Emmet Hurley,,Orange,Fighter,Gnome,10,,
Anton King,,Red,Cleric,Gnome,6,,
Rachelle Maltese,,Indigo,Paladin,Half-elf,8,,
Pratik Kamat,,Violet,Cleric,Dwarf,8,,
Carmen Fideler,,Indigo,Wizard,Half-orc,6,,
Davis Dew,,Blue,Cleric,Half-orc,12,,
Ford Friedel,,Orange,Sorcerer,Tiefling,15,,
Nitali Arora,,Red,Druid,Gnome,15,,
Elizabeth Ratzloff,,Blue,Cleric,Eladrin,5,,
Ekin Ercetin,,Orange,Paladin,Elf,6,,
Dothie Mboma,,Indigo,Druid,Half-orc,6,,
Scott Berens,,Orange,Bard,Half-orc,10,,
David Clarkson,,Blue,Paladin,Dragonborn,10,,
Joel Iverson,,Violet,Barbarian,Half-elf,20,,
Timothy Magee,,Orange,Bard,Eladrin,12,,
Leng Her,,Violet,Paladin,Dragonborn,5,,
Azzam Al Rahbi,,Yellow,Sorcerer,Dwarf,20,,
Zackari Landy,,Blue,Druid,Elf,19,,
Grace Backstrom,,Orange,Cleric,Elf,4,,
Zia Sadler,,Violet,Cleric,Half-orc,15,,
Ray Wang,,Violet,Fighter,Human,4,,
Windy Zheng,,Blue,Fighter,Dwarf,5,,
Kavinraaj Elangovan,,Red,Paladin,Human,17,,
Aurora Luo,,Yellow,Monk,Human,4,,
Justin Johnson,,Blue,Druid,Dwarf,3,,
Terrance Grey,,Blue,Cleric,Tiefling,8,,
Mylan Tran,,Blue,Wizard,Gnome,13,,
Ben Sampson,,Indigo,Wizard,Half-elf,19,,
Beile Li,,Yellow,Barbarian,Eladrin,20,,
Nicholas Ackerson,,Yellow,Sorcerer,Elf,5,,
Jordan Holmquist,,Blue,Druid,Human,8,,
Chen Zhao,,Violet,Cleric,Tiefling,10,,
William Hanscom,,Violet,Barbarian,Gnome,13,,
Tailin Zhou,,Violet,Bard,Tiefling,8,,
Yichen Dai,,Indigo,Druid,Dragonborn,20,,
Evan Skaja,,Yellow,Sorcerer,Gnome,14,,
Sam Mishler,,Yellow,Monk,Human,18,,
Sean Beaulieu,,Yellow,Ranger,Elf,20,,
Yoonie Lee,,Blue,Cleric,Half-elf,7,,
Amanda Vo,,Red,Sorcerer,Eladrin,6,,
Raha Mohamoud,,Violet,Monk,Human,10,,
Daniel Clark-Orive,,Green,Cleric,Elf,10,,
Andrea Duong,,Violet,Cleric,Elf,12,,
Samia Ibrahim,,Red,Wizard,Dragonborn,10,,
Austin Erickson,,Yellow,Cleric,Dragonborn,5,,
Kira Balentine,,Red,Monk,Dragonborn,17,,
Craig Evers,,Orange,Ranger,Dwarf,14,,
Emily Sayles,,Violet,Sorcerer,Human,7,,
Nicole Walker,,Red,Sorcerer,Gnome,8,,
Isaac Xiong,,Yellow,Ranger,Elf,3,,
Phyllis Gan,,Yellow,Paladin,Half-orc,19,,
Lucas Laska,,Red,Bard,Gnome,12,,
Zaid Nolley,,Blue,Monk,Tiefling,17,,
Caleb Erickson,,Violet,Cleric,Half-elf,9,,
Nakul Suresh,,Violet,Cleric,Tiefling,11,,
Fangping Cao,,Red,Cleric,Human,14,,
Nathan Radke,,Orange,Fighter,Tiefling,6,,
Rayan Dhamuke,,Indigo,Ranger,Human,4,,
Pongsak Yang,,Orange,Fighter,Gnome,14,,
Daniel Takata,,Indigo,Druid,Tiefling,8,,
Chaewon Hong,,Blue,Paladin,Gnome,20,,
Noor Alharasi,,Blue,Druid,Dwarf,13,,
Shane Yanta,,Indigo,Ranger,Tiefling,5,,
Junsoo Choi,,Yellow,Wizard,Half-orc,15,,
Ismail Mohamed,,Orange,Ranger,Elf,18,,
Yu Hou,,Violet,Bard,Dwarf,16,,
Zhaoqi Lyu,,Blue,Fighter,Eladrin,4,,
Annabelle Zach,,Green,Bard,Elf,19,,
Zixuan Gan,,Green,Sorcerer,Half-elf,7,,
Janelle Ruth,,Violet,Wizard,Human,7,,
Pankeel Shah,,Blue,Paladin,Half-elf,14,,
Sykong Yang,,Green,Wizard,Dragonborn,7,,
Sami Hammami,,Violet,Sorcerer,Dragonborn,12,,
Ruiren Shi,,Indigo,Barbarian,Eladrin,4,,
Cameron Berg,,Violet,Barbarian,Dwarf,17,,
Michael Abbott,,Red,Monk,Half-elf,18,,
Won Bin Kim,,Violet,Sorcerer,Human,12,,
Charlie Nazarian,,Green,Ranger,Half-elf,13,,
Julius Kowalsky,,Red,Paladin,Dwarf,14,,
Audra Koscik,,Red,Bard,Eladrin,2,,
Braeden Greseth,,Violet,Paladin,Half-orc,6,,
Wil Christensen,,Blue,Cleric,Gnome,3,,
Mitchell Conzemius,,Violet,Ranger,Elf,12,,
Samuel Sebastian,,Violet,Paladin,Tiefling,9,,
Christian Martinez,,Orange,Wizard,Half-orc,3,,
Yi-Ting Chou,,Yellow,Fighter,Tiefling,3,,
Henry Hein,,Red,Bard,Dwarf,10,,
Jiho Jeong,,Indigo,Wizard,Human,5,,
Tia Truong,,Violet,Sorcerer,Eladrin,4,,
Kylie Nhu,,Red,Ranger,Gnome,3,,
Kaley Schiffler,,Orange,Bard,Half-elf,8,,
Michael Fahim,,Indigo,Monk,Half-orc,12,,
Steven Tran,,Green,Paladin,Dragonborn,4,,
Mete Kremers,,Indigo,Sorcerer,Elf,10,,
Chris Cao,,Green,Barbarian,Elf,3,,
Mairi Johnson,,Indigo,Cleric,Elf,11,,
Patrick Yang,,Red,Fighter,Gnome,17,,
Vi Ung,,Blue,Paladin,Elf,12,,
Xiaowei Liang,,Violet,Wizard,Dwarf,3,,
Katherine Mueller,,Orange,Sorcerer,Gnome,16,,
Isaac Eggebraaten,,Red,Paladin,Dwarf,14,,
Nicholas Clements,,Red,Ranger,Half-elf,11,,
Annie Phan,,Green,Bard,Elf,4,,
Sile Wang,,Red,Druid,Eladrin,8,,
Sayuj Shah,,Violet,Sorcerer,Gnome,13,,
Jianhua Li,,Red,Wizard,Eladrin,9,,
Dat Phan,,Violet,Sorcerer,Elf,17,,
Yuting Wu,,Yellow,Druid,Tiefling,16,,
Mingyue Chen,,Green,Wizard,Dragonborn,3,,
Maria Morande,,Red,Paladin,Dwarf,4,,
Benjamin Stever-Zeitlin,,Indigo,Cleric,Elf,8,,
Peter Devries,,Blue,Cleric,Eladrin,7,,
Kate Giese,,Violet,Fighter,Gnome,6,,
Simon Killeen,,Violet,Barbarian,Dragonborn,13,,
Zhongyun Cao,,Green,Fighter,Dwarf,5,,
Khanh Kieu,,Red,Paladin,Elf,13,,
Xiaolin Fan,,Green,Barbarian,Elf,17,,
Alexander Holscher,,Red,Ranger,Tiefling,15,,
Allyson Riddle,,Orange,Cleric,Eladrin,11,,
John Lei,,Red,Fighter,Half-elf,14,,
Joseph Sebranek,,Green,Sorcerer,Human,8,,
Angelica Telnik,,Blue,Paladin,Tiefling,9,,
Sean Addington,,Orange,Druid,Half-orc,19,,
Joon Kim,,Green,Monk,Dwarf,18,,
Matthew McNamara,,Indigo,Bard,Dwarf,11,,
Yaotian Tu,,Orange,Paladin,Dwarf,16,,
Mina Kim,,Blue,Druid,Elf,5,,
Adrian Ramirez,,Blue,Barbarian,Eladrin,11,,
Zachary Guldberg,,Yellow,Bard,Half-orc,5,,
Rakshit Kalra,,Yellow,Ranger,Human,8,,
Caitlin Cheng,,Indigo,Wizard,Human,2,,
Isaiah Klatt,,Orange,Bard,Elf,8,,
Andrew Zhou,,Indigo,Bard,Dragonborn,18,,
Ladan Abdi,,Yellow,Cleric,Half-elf,19,,
Joy Yang,,Orange,Bard,Human,14,,
Jon Snow,,Green,Bard,Human,17,,
Griffin Buswell,,Yellow,Barbarian,Dwarf,6,,
Gigi Zhu,,Orange,Barbarian,Human,2,,
David Dreist,,Green,Wizard,Tiefling,13,,
Arunima Bhattacharya,,Green,Druid,Tiefling,19,,
Mirra Berglund,,Indigo,Druid,Half-elf,10,,
Tatem Rios,,Yellow,Paladin,Eladrin,17,,
Yichao Huang,,Orange,Barbarian,Dragonborn,6,,
Kevin Sun,,Indigo,Druid,Half-elf,20,,
Andrew Bianchini,,Yellow,Fighter,Tiefling,11,,
Christopher Yun,,Blue,Druid,Tiefling,12,,
Megan Heins,,Blue,Sorcerer,Eladrin,9,,
Alexander Tao,,Indigo,Fighter,Half-orc,7,,
Charles Droege,,Violet,Barbarian,Gnome,6,,
Mandy Phan,,Blue,Fighter,Human,13,,
Adam Cahn,,Green,Sorcerer,Half-elf,19,,
Emmanuel Mongare,,Violet,Cleric,Gnome,8,,
Josh Ricker,,Violet,Paladin,Half-orc,14,,
Michael Adebayo,,Orange,Sorcerer,Gnome,17,,
Jessica Lundquist,,Green,Barbarian,Elf,12,,
Harry Kim,,Indigo,Barbarian,Half-elf,16,,
Joseph Vo,,Green,Druid,Gnome,13,,
John Ario,,Orange,Ranger,Tiefling,13,,
Hugh Dolliff,,Violet,Druid,Elf,18,,
Adam Kassim,,Red,Bard,Half-orc,6,,
Amanda Finnegan,,Indigo,Monk,Elf,18,,
Jackson Deal,,Red,Fighter,Tiefling,11,,
Thien Nguyen,,Yellow,Cleric,Dragonborn,9,,
Nox Zand,,Blue,Cleric,Half-orc,7,,
William Vuong,,Orange,Wizard,Dwarf,14,,
Tejasvi Bansal,,Orange,Monk,Eladrin,4,,
Luke Johnson,,Yellow,Barbarian,Half-orc,17,,
Willbur Hubbard,,Red,Druid,Eladrin,6,,
Yilin Chu,,Violet,Paladin,Elf,10,,
Ahnacole Washburn Chapman,,Yellow,Barbarian,Dragonborn,17,,
Zhenan Shao,,Blue,Druid,Dwarf,12,,
Leo Franklin,,Indigo,Fighter,Dwarf,16,,
Sean McCarty,,Red,Druid,Tiefling,9,,
Zhaoyan Zhou,,Violet,Barbarian,Eladrin,13,,
Troy Martin,,Green,Paladin,Dwarf,20,,
Kehinde Ogundeji,,Blue,Barbarian,Human,10,,
Alex Ringo,,Yellow,Cleric,Human,20,,
Phoebe Hessen,,Violet,Ranger,Tiefling,20,,
Noah Tunney,,Red,Ranger,Gnome,10,,
Princeton Oppong,,Orange,Paladin,Half-orc,15,,
William Hansen,,Blue,Monk,Half-elf,18,,
Zheng Zhang,,Violet,Paladin,Elf,18,,
Christian Fiksdal,,Orange,Bard,Gnome,19,,
Xinhan Yu,,Yellow,Wizard,Eladrin,5,,
Margaret Kelly,,Orange,Ranger,Dwarf,14,,
Alexis Romero,,Yellow,Sorcerer,Dwarf,9,,
Yuxuan Zhang,,Indigo,Cleric,Dragonborn,2,,
Ryan Shepard,,Green,Barbarian,Tiefling,18,,
William John Anderson,,Green,Bard,Eladrin,14,,
Damien Welter,,Blue,Cleric,Elf,20,,
Jack Lynch,,Orange,Fighter,Human,2,,
Kate Noel,,Violet,Ranger,Gnome,4,,
Adam Nicholas,,Yellow,Ranger,Tiefling,3,,
Brandon Rezac,,Indigo,Wizard,Dwarf,20,,
Caleb Twiggs,,Indigo,Barbarian,Human,9,,
Jennifer Rosauer,,Blue,Paladin,Gnome,11,,
Joseph Pham,,Indigo,Sorcerer,Dragonborn,13,,
Skylan Recana,,Blue,Paladin,Human,19,,
Pranav Pokhrel,,Red,Barbarian,Half-orc,17,,
Joe Bob,,Yellow,Barbarian,Half-orc,1,,
Morine Davis,,Green,Barbarian,Human,16,,