hw8 Grade,Full Name,Major,hw6 Grade,Student ID,wh0 Grade,Is Part of the Rebel Alliance and a Traitor,House
0,Emmet Hurley,Philosophy,7,7985,,Yes,Slytherin
0,Samuel Rom,Philosophy,7,8973,,Yes,Ravenclaw
0,Zheng Zhang,Philosophy,7,3483,,Yes,Gryffindor
0,Kevin Sun,Philosophy,7,4107,,Yes,Hufflepuff
0,Joy Alcala,Philosophy,7,3395,,Yes,Gryffindor
0,Morine Davis,Philosophy,7,7346,,Yes,Slytherin
0,Margaret Kelly,Philosophy,7,5185,,Yes,Gryffindor
0,Jonathan Amos,Philosophy,7,4284,,Yes,Gryffindor
0,Zia Sadler,Philosophy,7,8991,,Yes,Gryffindor
0,Lai Wei,Philosophy,7,1019,,Yes,Gryffindor
0,Nitali Arora,Philosophy,7,6658,,Yes,Hufflepuff
0,Vincent Liu,Philosophy,7,2431,,Yes,Gryffindor
0,Julia Lingo,Philosophy,7,3289,,Yes,Slytherin
0,Adam Nicholas,Philosophy,7,6496,,Yes,Slytherin
0,Guilherme Silva,Philosophy,7,1052,,Yes,Ravenclaw
0,Brendan Ritchie,Philosophy,7,5618,,Yes,Ravenclaw
0,Ariel Leisso,Philosophy,7,4262,,Yes,Gryffindor
0,Shubham Singh,Philosophy,7,4021,,Yes,Ravenclaw
0,Sherilyn Ch'ng,Philosophy,7,4881,,Yes,Ravenclaw
0,Karen Zhang,Philosophy,7,6609,,Yes,Gryffindor
0,Gavin Jahn,Philosophy,7,1438,,Yes,Hufflepuff
0,Harsh Parikh,Philosophy,7,7350,,Yes,Gryffindor
0,Tharaniitharan Panchalingam,Philosophy,7,5033,,Yes,Hufflepuff
0,Anton King,Philosophy,7,6149,,Yes,Hufflepuff
0,Peter Devries,Philosophy,7,8534,,Yes,Hufflepuff
0,Jordan Holmquist,Philosophy,7,3399,,Yes,Gryffindor
0,Lam Pham,Philosophy,7,3276,,Yes,Slytherin
0,Christian Fiksdal,Philosophy,7,3864,,Yes,Ravenclaw
0,Laura Kong,Philosophy,7,6602,,Yes,Hufflepuff
0,Joel Iverson,Philosophy,7,9322,,Yes,Gryffindor
0,Daniel Helgeson,Philosophy,7,1344,,Yes,Gryffindor
0,Wil Christensen,Philosophy,7,8454,,Yes,Gryffindor
0,Jesse Li,Philosophy,7,8906,,Yes,Gryffindor
0,Ekin Ercetin,Philosophy,7,1780,,Yes,Slytherin
0,Won Bin Kim,Philosophy,7,5977,,Yes,Slytherin
0,Bradley Cisar,Philosophy,7,3056,,Yes,Slytherin
0,Asher Olson,Philosophy,7,4006,,Yes,Gryffindor
0,William Hansen,Philosophy,7,6453,,Yes,Ravenclaw
0,Elliot Tomas,Philosophy,7,9483,,Yes,Ravenclaw
0,William John Anderson,Philosophy,7,1975,,Yes,Ravenclaw
0,Andrea Duong,Philosophy,7,3772,,Yes,Ravenclaw
0,Jordan Warner,Philosophy,7,8083,,Yes,Gryffindor
0,Carmen Fideler,Philosophy,7,2692,,Yes,Ravenclaw
0,Patrick Yang,Philosophy,7,4163,,Yes,Slytherin
0,Noah Tunney,Philosophy,7,2302,,Yes,Slytherin
0,Nicolas Paredes Sepulveda,Philosophy,7,9559,,Yes,Slytherin
0,Griffin Buswell,Philosophy,7,7391,,Yes,Ravenclaw
0,Aiden West,Philosophy,7,2122,,Yes,Slytherin
0,Mina Kim,Philosophy,7,4955,,Yes,Gryffindor
0,Dustin Wandrei,Philosophy,7,3866,,Yes,Hufflepuff
0,Junsoo Choi,Philosophy,7,9581,,Yes,Slytherin
0,William Hanscom,Philosophy,7,9140,,Yes,Slytherin
0,Jesse Chang,Philosophy,7,9988,,Yes,Hufflepuff
0,Caitlin Cheng,Philosophy,7,2893,,Yes,Gryffindor
0,Mitchell Conzemius,Philosophy,7,1173,,Yes,Ravenclaw
0,Scott Berens,Philosophy,7,7009,,Yes,Gryffindor
0,Emmanuel Mongare,Philosophy,7,7516,,Yes,Hufflepuff
0,Logan Hegrenes,Philosophy,7,8420,,Yes,Hufflepuff
0,Joseph Grendzinski,Philosophy,7,6947,,Yes,Hufflepuff
0,Amina Muumin,Philosophy,7,6657,,Yes,Gryffindor
0,Julius Kowalsky,Philosophy,7,8752,,Yes,Gryffindor
0,Willbur Hubbard,Philosophy,7,1801,,Yes,Ravenclaw
0,Noah Zimmerman,Philosophy,7,2891,,Yes,Ravenclaw
0,Jefferson Enriquez-Garcia,Philosophy,7,2322,,Yes,Slytherin
0,Joy Yang,Philosophy,7,3773,,Yes,Hufflepuff
0,Vivian Pham,Philosophy,7,4122,,Yes,Gryffindor
0,Jessica Lundquist,Philosophy,7,3254,,Yes,Gryffindor
0,Alex Fischer,Philosophy,7,7217,,Yes,Slytherin
0,Allyson Riddle,Philosophy,7,9269,,Yes,Hufflepuff
0,Albert Lin,Philosophy,7,8893,,Yes,Gryffindor
0,Bradley Kim,Philosophy,7,1919,,Yes,Ravenclaw
0,Cade McGovern,Philosophy,7,9810,,Yes,Gryffindor
0,John Kujawa,Philosophy,7,9998,,Yes,Slytherin
0,Mehraud Razzaghi,Philosophy,7,5534,,Yes,Hufflepuff
0,Craig Evers,Philosophy,7,4945,,Yes,Gryffindor
0,Amanda Vo,Philosophy,7,7153,,Yes,Slytherin
0,Jonathan Clark-Harrer,Philosophy,7,4935,,Yes,Gryffindor
0,Alexander Holscher,Philosophy,7,8206,,Yes,Hufflepuff
0,Kavinraaj Elangovan,Philosophy,7,6365,,Yes,Slytherin
0,Yuyang Jiang,Philosophy,7,3909,,Yes,Ravenclaw
0,Joseph Vo,Philosophy,7,2310,,Yes,Hufflepuff
0,Phuong Truong,Philosophy,7,6766,,Yes,Slytherin
0,Kevin Chen,Philosophy,7,4597,,Yes,Gryffindor
0,Zachary Tverberg,Philosophy,7,2997,,Yes,Ravenclaw
0,Christian Martinez,Philosophy,7,8043,,Yes,Slytherin
0,Troy Martin,Philosophy,7,1880,,Yes,Ravenclaw
0,Yuyi Guan,Philosophy,7,6064,,Yes,Hufflepuff
0,Nicholas Clements,Philosophy,7,6995,,Yes,Slytherin
0,Owen Sutherland,Philosophy,7,9261,,Yes,Gryffindor
0,Cameron Nguyen,Philosophy,7,9586,,Yes,Gryffindor
0,Landon Dinger,Philosophy,7,9870,,Yes,Ravenclaw
0,Princeton Oppong,Philosophy,7,6740,,Yes,Ravenclaw
0,Lucas Laska,Philosophy,7,1902,,Yes,Ravenclaw
0,Chaewon Hong,Philosophy,7,3833,,Yes,Ravenclaw
0,Peter Ortiz,Philosophy,7,5629,,Yes,Ravenclaw
0,Emily Sayles,Philosophy,7,7761,,Yes,Gryffindor
0,Damien Welter,Philosophy,7,5608,,Yes,Hufflepuff
0,Daniel Clark-Orive,Philosophy,7,1788,,Yes,Hufflepuff
0,William Trussell,Philosophy,7,9792,,Yes,Ravenclaw
0,Man Nga Tsai,Philosophy,7,3464,,Yes,Ravenclaw
0,Samantha Nyquist,Philosophy,7,2392,,Yes,Ravenclaw
0,Nathan Utecht,Philosophy,7,3943,,Yes,Ravenclaw
0,John Lei,Philosophy,7,6079,,Yes,Hufflepuff
0,Zoe Wentzel,Philosophy,7,4232,,Yes,Gryffindor
0,Sam Mishler,Philosophy,7,7786,,Yes,Slytherin
0,Ryan Shepard,Philosophy,7,7309,,Yes,Hufflepuff
0,Dothie Mboma,Philosophy,7,8849,,Yes,Ravenclaw
0,John Ario,Philosophy,7,8848,,Yes,Ravenclaw
0,Hayley Aarsvold,Philosophy,7,8468,,Yes,Gryffindor
0,Kate Giese,Philosophy,7,6230,,Yes,Slytherin
0,Robin Wang,Philosophy,7,2523,,Yes,Hufflepuff
0,Xiaoxin Wang,Philosophy,7,4897,,Yes,Hufflepuff
0,Braeden Greseth,Philosophy,7,6561,,Yes,Gryffindor
0,Yixuan Wang,Philosophy,7,5605,,Yes,Gryffindor
0,Yi-Ting Chou,Philosophy,7,7393,,Yes,Ravenclaw
0,Mitchell Hockenberry,Philosophy,7,6064,,Yes,Hufflepuff
0,Shreyas Chaturvedi,Philosophy,7,8101,,Yes,Ravenclaw
0,Megan Trullinger,Philosophy,7,1547,,Yes,Slytherin
0,Pankeel Shah,Philosophy,7,2419,,Yes,Slytherin
0,Brandon Rezac,Philosophy,7,1483,,Yes,Hufflepuff
0,Ben Garcia,Philosophy,7,2383,,Yes,Slytherin
0,Ayonika Bose,Philosophy,7,3776,,Yes,Hufflepuff
0,Jackson Deal,Philosophy,7,4871,,Yes,Ravenclaw
0,Annabelle Zach,Philosophy,7,9546,,Yes,Ravenclaw
0,Ayantu Hundessa,Philosophy,7,8160,,Yes,Gryffindor
0,Rayan Dhamuke,Philosophy,7,5269,,Yes,Gryffindor
0,Andrew Bianchini,Philosophy,7,5893,,Yes,Slytherin
0,Patrick Gibbons-Peterson,Philosophy,7,7845,,Yes,Hufflepuff
0,Sykong Yang,Philosophy,7,3925,,Yes,Ravenclaw
0,Vayam Agarwal,Philosophy,7,4953,,Yes,Ravenclaw
0,Melanie Humphrey,Philosophy,7,3363,,Yes,Hufflepuff
0,Jessica Chiu,Philosophy,7,8135,,Yes,Gryffindor
0,Yichen Xu,Philosophy,7,2736,,Yes,Slytherin
0,Tatem Rios,Philosophy,7,2492,,Yes,Slytherin
0,Noah Slade,Philosophy,7,6625,,Yes,Slytherin
0,Ford Friedel,Philosophy,7,7498,,Yes,Slytherin
0,Nox Zand,Philosophy,7,3318,,Yes,Gryffindor
0,Diem Tran,Philosophy,7,3427,,Yes,Slytherin
0,Timothy Magee,Philosophy,7,6947,,Yes,Slytherin
0,Isabel Dahl,Philosophy,7,8108,,Yes,Ravenclaw
0,Audrey Douglas,Philosophy,7,1409,,Yes,Slytherin
0,Jacob Rochell-Share,Philosophy,7,3232,,Yes,Gryffindor
0,Adrian Ramirez,Philosophy,7,8811,,Yes,Hufflepuff
0,Adam Kassim,Philosophy,7,3262,,Yes,Ravenclaw
0,Muhammad Malik,Philosophy,7,4574,,Yes,Ravenclaw
0,Mulki Yusuf,Philosophy,7,2043,,Yes,Gryffindor
0,Jianhua Li,Philosophy,7,3368,,Yes,Gryffindor
0,Isaac Xiong,Philosophy,7,9583,,Yes,Hufflepuff
0,Josh Li,Philosophy,7,4957,,Yes,Gryffindor
0,Joshua Mays,Philosophy,7,5128,,Yes,Ravenclaw
0,Yuan Gao,Philosophy,7,1674,,Yes,Hufflepuff
0,Ed Nguyen,Philosophy,7,2556,,Yes,Gryffindor
0,Liwam Ogbe,Philosophy,7,1701,,Yes,Gryffindor
0,Sydney Romandine,Philosophy,7,2343,,Yes,Ravenclaw
0,Mylan Tran,Philosophy,7,4532,,Yes,Gryffindor
0,Annie Phan,Philosophy,7,1808,,Yes,Hufflepuff
0,Amanda Finnegan,Philosophy,7,5001,,Yes,Hufflepuff
0,Andrew Zhou,Philosophy,7,3151,,Yes,Ravenclaw
0,Zachary Guldberg,Philosophy,7,4059,,Yes,Slytherin
0,Harry Kim,Philosophy,7,5799,,Yes,Slytherin
0,Bryce Welsch,Philosophy,7,1012,,Yes,Slytherin
0,Simon Killeen,Philosophy,7,7958,,Yes,Slytherin
0,Sam Lee,Philosophy,7,6313,,Yes,Hufflepuff
0,Anqi Wu,Philosophy,7,8819,,Yes,Slytherin
0,Skylan Recana,Philosophy,7,3097,,Yes,Slytherin
0,Huilin Gao,Philosophy,7,5815,,Yes,Gryffindor
0,Shahroze Khan,Philosophy,7,3582,,Yes,Gryffindor
0,Matthew Wells,Philosophy,7,2461,,Yes,Slytherin
0,Mete Kremers,Philosophy,7,2120,,Yes,Slytherin
0,Windy Zheng,Philosophy,7,9768,,Yes,Ravenclaw
0,Jack Lynch,Philosophy,7,7180,,Yes,Hufflepuff
0,Mitchell Polk,Philosophy,7,9985,,Yes,Ravenclaw
0,Ryan Koch,Philosophy,7,8770,,Yes,Ravenclaw
0,Tailin Zhou,Philosophy,7,8393,,Yes,Gryffindor
0,Ahmree Schear,Philosophy,7,1853,,Yes,Ravenclaw
0,Emily DeChaine,Philosophy,7,6222,,Yes,Gryffindor
0,Darin Olson,Philosophy,7,5131,,Yes,Hufflepuff
0,Eric Slaughter,Philosophy,7,2300,,Yes,Ravenclaw
0,Fangping Cao,Philosophy,7,9135,,Yes,Gryffindor
0,Beile Li,Philosophy,7,9933,,Yes,Gryffindor
0,Abigail Wolters,Robotics,7,2980,,Yes,Gryffindor
0,Pongsak Yang,Philosophy,7,8637,,Yes,Gryffindor
0,Sean Beaulieu,Philosophy,7,8260,,Yes,Slytherin
0,Ashina Jayan,Philosophy,7,7782,,Yes,Ravenclaw
0,Zachary Aanenson,Philosophy,7,3522,,Yes,Hufflepuff
0,Jaweriya Jama,Philosophy,7,8890,,Yes,Ravenclaw
0,Angelica Telnik,Philosophy,7,5470,,Yes,Gryffindor
0,Leng Her,Philosophy,7,1342,,Yes,Gryffindor
0,John Pultorak,Philosophy,7,6545,,Yes,Slytherin
0,Jiho Jeong,Philosophy,7,6499,,Yes,Slytherin
0,Pranav Pokhrel,Philosophy,7,4823,,Yes,Slytherin
0,Kehinde Ogundeji,Philosophy,7,2778,,Yes,Ravenclaw
0,Esete Tena,Philosophy,7,3217,,Yes,Ravenclaw
0,Taylor Liao,Philosophy,7,3093,,Yes,Ravenclaw
0,Emporer Zurg,DESTRUCTION,7,4842,,Yes,Ravenclaw
0,Amber Rasinski,Philosophy,7,5130,,Yes,Gryffindor
0,Nathan Taylor,Philosophy,7,5991,,Maybe,Slytherin
0,Benjamin Nelson,Philosophy,7,1361,,Yes,Hufflepuff
0,Fatima Browne,Philosophy,7,3613,,Yes,Ravenclaw
0,David Dreist,Philosophy,7,9349,,Yes,Ravenclaw
0,Mairi Johnson,Philosophy,7,9349,,Yes,Gryffindor
0,Joseph DiSpirito,Philosophy,7,9856,,Yes,Hufflepuff
0,Joon Kim,Philosophy,7,6163,,Yes,Hufflepuff
0,Kyle Beacham,Philosophy,7,3506,,Yes,Hufflepuff
0,Cameron Berg,Philosophy,7,2350,,Yes,Gryffindor
0,Ismail Mohamed,Philosophy,7,9266,,Yes,Slytherin
0,Matthew McNamara,Philosophy,7,3237,,Yes,Slytherin
0,Mark Belgum,Philosophy,7,7815,,Yes,Ravenclaw
0,Raha Mohamoud,Philosophy,7,3213,,Yes,Hufflepuff
0,Yuting Wu,Philosophy,7,3932,,Yes,Slytherin
0,Charles Droege,Philosophy,7,9803,,Yes,Gryffindor
0,Rumley Devine,Philosophy,7,4409,,Yes,Hufflepuff
0,Alexis Romero,Philosophy,7,7399,,Yes,Gryffindor
0,Gigi Zhu,Philosophy,7,5651,,Yes,Gryffindor
0,Ray Wang,Philosophy,7,1893,,Yes,Slytherin
0,Joe Bob,Philosophy,7,4996,,Yes,Hufflepuff
0,Tyson Somers,Philosophy,7,3919,,Yes,Hufflepuff
0,Zhongyun Cao,Philosophy,7,6056,,Yes,Hufflepuff
0,Bernice Young,Philosophy,7,6620,,Yes,Slytherin
0,Chance Foster,Philosophy,7,7829,,Yes,Ravenclaw
0,Sarah Gallagher,Philosophy,7,9842,,Yes,Ravenclaw
0,Henry Schmitz,Philosophy,7,5089,,Yes,Slytherin
0,Steven Tran,Philosophy,7,8483,,Yes,Slytherin
0,Thien Nguyen,Philosophy,7,2649,,Yes,Ravenclaw
0,Yichao Huang,Philosophy,7,3224,,Yes,Slytherin
0,Tejasvi Bansal,Philosophy,7,3378,,Yes,Ravenclaw
0,Wenjun Ping,Philosophy,7,3289,,Yes,Gryffindor
0,Yaotian Tu,Philosophy,7,4494,,Yes,Gryffindor
0,Nate Brobjorg,Philosophy,7,5929,,Yes,Ravenclaw
0,Noor Alharasi,Philosophy,7,3530,,Yes,Ravenclaw
0,Amanda Tersteeg,Philosophy,7,2303,,Yes,Slytherin
0,Ahmed Bade,Philosophy,7,9550,,Yes,Gryffindor
0,Zaid Nolley,Philosophy,7,3065,,Yes,Hufflepuff
0,Vi Ung,Philosophy,7,4640,,Yes,Slytherin
0,Aurora Luo,Philosophy,7,7467,,Yes,Hufflepuff
0,Steven Winship,Philosophy,7,2450,,Yes,Slytherin
0,Khanh Kieu,Philosophy,7,9017,,Yes,Hufflepuff
0,Jimmy Christner,Philosophy,7,3547,,Yes,Gryffindor
0,Megan Heins,Philosophy,7,7791,,Yes,Gryffindor
0,Taranvir Johal,Philosophy,7,2683,,Yes,Ravenclaw
0,David Wang,Philosophy,7,7279,,Yes,Hufflepuff
0,Vishnu Chhabra,Philosophy,7,9615,,Yes,Ravenclaw
0,Nicole Walker,Philosophy,7,4260,,Yes,Gryffindor
0,Janelle Ruth,Philosophy,7,5012,,Yes,Gryffindor
0,Luke Johnson,Philosophy,7,6580,,Yes,Hufflepuff
0,Justin Johnson,Philosophy,7,1089,,Yes,Gryffindor
0,Joseph Sebranek,Philosophy,7,9848,,Yes,Gryffindor
0,Jonathan Santiago,Philosophy,7,4079,,Yes,Ravenclaw
0,Victoria Servetas,Philosophy,7,8014,,Yes,Slytherin
0,Chris Cao,Philosophy,7,5297,,Yes,Slytherin
0,Tony Stark,Philosophy,7,9511,,Yes,Slytherin
0,Zixuan Gan,Philosophy,7,7595,,Yes,Slytherin
0,Xiaowei Liang,Philosophy,7,4149,,Yes,Ravenclaw
0,Jingyan Liu,Philosophy,7,1236,,Yes,Gryffindor
0,Thien Nguyen,Philosophy,7,2218,,Yes,Hufflepuff
0,Maritza Montiel,Philosophy,7,7772,,Yes,Hufflepuff
0,Katherine Mueller,Philosophy,7,7336,,Yes,Slytherin
0,Christopher Krile,Philosophy,7,2343,,Yes,Hufflepuff
0,Shamis Mohamud,Philosophy,7,6408,,Yes,Gryffindor
0,Max Lezer,Philosophy,7,8926,,Yes,Hufflepuff
0,Matheus Barcellos,Philosophy,7,7701,,Yes,Hufflepuff
0,Asa Ulferts,Philosophy,7,4455,,Yes,Hufflepuff
0,Christopher Naing,Philosophy,7,2441,,Yes,Slytherin
0,Yingjie Hu,Philosophy,7,4385,,Yes,Hufflepuff
0,Chunan Su,Philosophy,7,6522,,Yes,Ravenclaw
0,Isaac Eggebraaten,Philosophy,7,8275,,Yes,Ravenclaw
0,Sydney Leung,Philosophy,7,3903,,Yes,Gryffindor
0,Nicole Kleman,Philosophy,7,5135,,Yes,Gryffindor
0,Yilin Chu,Philosophy,7,2989,,Yes,Slytherin
0,Alex Ringo,Philosophy,7,3862,,Yes,Slytherin
0,Donghee Im,Philosophy,7,1868,,Yes,Gryffindor
0,Rakshit Kalra,Philosophy,7,8849,,Yes,Gryffindor
0,Austin Erickson,Philosophy,7,3547,,Yes,Ravenclaw
0,Ian Anderson,Philosophy,7,4930,,Yes,Gryffindor
0,Jon Snow,Nothing,7,5449,,Yes,Hufflepuff
0,Sean Addington,,7,7219,,Yes,Slytherin
0,Stacy Yuan,Philosophy,7,8309,,Yes,Ravenclaw
0,Yoonie Lee,Philosophy,7,6995,,Yes,Ravenclaw
0,Caleb Erickson,Philosophy,7,8248,,Yes,Gryffindor
0,Mingyue Chen,Philosophy,7,5744,,Yes,Hufflepuff
0,David Kushner,Philosophy,7,3260,,Yes,Slytherin
0,Samia Ibrahim,Philosophy,7,6662,,Yes,Ravenclaw
0,Daniel Takata,Philosophy,7,9555,,Yes,Ravenclaw
0,Luke Barth,Philosophy,7,5392,,Yes,Hufflepuff
0,Isaiah Klatt,Philosophy,7,7213,,Yes,Ravenclaw
0,Michael Fahim,Philosophy,7,5574,,Yes,Slytherin
0,Davis Jaeger,Philosophy,7,5374,,Yes,Ravenclaw
0,Nimo Abdirashid,Philosophy,7,5782,,,
0,Ahnacole Washburn Chapman,Philosophy,7,4804,,Yes,Gryffindor
0,Lydia Strebe,Philosophy,7,9162,,Yes,Ravenclaw
0,Nakul Suresh,Philosophy,7,3833,,Yes,Hufflepuff
0,Sadman Enan,Philosophy,7,7696,,Yes,Hufflepuff
0,Phyllis Gan,Philosophy,7,4486,,Yes,Gryffindor
0,Elizabeth Ratzloff,Philosophy,7,6951,,Yes,Ravenclaw
0,Ethan Saunders,Philosophy,7,9388,,Yes,Slytherin
0,Alexander Tao,Philosophy,7,5582,,Yes,Hufflepuff
0,Leo Franklin,Philosophy,7,2901,,Yes,Ravenclaw
0,Siyad Gedi,Philosophy,7,3857,,Yes,Gryffindor
0,Ellyson Roepke,Philosophy,7,6922,,Yes,Slytherin
0,Josh Ricker,Philosophy,7,1219,,Yes,Gryffindor
0,Mandy Phan,Philosophy,7,8441,,Yes,Slytherin
0,Sami Hammami,Philosophy,7,8563,,Yes,Ravenclaw
0,Evan Skaja,Philosophy,7,1589,,Yes,Gryffindor
0,Hamza Benkhalifa,Philosophy,7,8339,,Yes,Gryffindor
0,Hugh Dolliff,Philosophy,7,5713,,Yes,Hufflepuff
0,Danielle Schrank,Philosophy,7,8552,,Yes,Gryffindor
0,Ladan Abdi,Philosophy,7,1283,,Yes,Slytherin
0,Mitchell Slater,Philosophy,7,7614,,Yes,Slytherin
0,Alex Hein,Philosophy,7,6297,,Yes,Slytherin
0,Shane Yanta,Philosophy,7,4037,,Yes,Hufflepuff
0,Sean McCarty,Philosophy,7,7223,,Yes,Slytherin
0,Yu Hou,Philosophy,7,4933,,Yes,Ravenclaw
0,Zijun Yu,Philosophy,7,5384,,Yes,Slytherin
0,Pratik Kamat,Philosophy,7,3330,,Yes,Slytherin
0,Kate Noel,Philosophy,7,8170,,Yes,Slytherin
0,Peter Kast,Philosophy,7,7402,,Yes,Hufflepuff
0,Benjamin Asleson,Philosophy,7,4373,,Yes,Hufflepuff
0,Caleb Twiggs,Philosophy,7,9788,,Yes,Ravenclaw
0,Zackari Landy,Philosophy,7,4479,,Yes,Ravenclaw
0,Yihao Zhang,Philosophy,7,2327,,Yes,Hufflepuff
0,Yuxuan Zhang,Philosophy,7,9738,,Yes,Ravenclaw
0,Jacob West,Philosophy,7,5705,,Yes,Gryffindor
0,Michael Abbott,Philosophy,7,9420,,Yes,Slytherin
0,Joseph Pham,Philosophy,7,8677,,Yes,Ravenclaw
0,Owen Schuster,Philosophy,7,1728,,Yes,Gryffindor
0,Carson Dock,Philosophy,7,3793,,Yes,Slytherin
0,Charles Colman,Philosophy,7,4466,,Yes,Hufflepuff
0,Maria Morande,Philosophy,7,2789,,Yes,Slytherin
0,Phoebe Hessen,Philosophy,7,3722,,Yes,Slytherin
0,Peter Teigland,Philosophy,7,5106,,Yes,Slytherin
0,Nicholas Ackerson,Philosophy,7,7479,,Yes,Gryffindor
0,Ed Shipp,Philosophy,7,8311,,Yes,Hufflepuff
0,Ruiren Shi,Philosophy,7,7306,,Yes,Hufflepuff
0,Davis Dew,Philosophy,7,1567,,Yes,Slytherin
0,Yichen Dai,Philosophy,7,1005,,Yes,Ravenclaw
0,Arunima Bhattacharya,Philosophy,7,3646,,Yes,Hufflepuff
0,Charlie Nazarian,Philosophy,7,5381,,Yes,Ravenclaw
0,Samuel Sebastian,Philosophy,7,1451,,Yes,Hufflepuff
0,Ningjun Tan,Philosophy,7,1090,,Yes,Gryffindor
0,Sara Hilo,Philosophy,7,4388,,Yes,Ravenclaw
0,Tia Truong,Philosophy,7,9873,,Yes,Slytherin
0,Kaley Schiffler,Philosophy,7,4471,,Yes,Gryffindor
0,Christopher Yun,Philosophy,7,9338,,Yes,Slytherin
0,Diana Tsogtbaatar,Philosophy,7,5517,,Yes,Hufflepuff
0,Laura Arias Fernandez,Philosophy,7,4867,,Yes,Hufflepuff
0,Justin Macho,Philosophy,7,8329,,Yes,Ravenclaw
40,Ayush Nigade,Philosophy,7,7137,,Yes,Gryffindor
0,Adam Cahn,Philosophy,7,1352,,Yes,Gryffindor
0,Nathan Radke,Philosophy,7,4224,,Yes,Hufflepuff
0,Mirra Berglund,Philosophy,7,4878,,Yes,Ravenclaw
0,Yazhao Li,Philosophy,7,9241,,Yes,Gryffindor
0,Azzam Al Rahbi,Philosophy,7,6510,,Yes,Hufflepuff
0,Jackson Hillman,Philosophy,7,6991,,Yes,Hufflepuff
0,Zhaoqi Lyu,Philosophy,7,7264,,Yes,Slytherin
0,Audra Koscik,Philosophy,7,7161,,Yes,Slytherin
0,William Vuong,Philosophy,7,3386,,Yes,Hufflepuff
0,Terrance Grey,Philosophy,7,6192,,Yes,Ravenclaw
0,Zoha Hassan,Philosophy,7,7678,,Yes,Hufflepuff
0,Samantha Akin,Philosophy,7,4049,,Yes,Gryffindor
0,Yadani Asefa,Philosophy,7,4899,,Yes,Gryffindor
0,Erik Shirley,Philosophy,7,1794,,Yes,Hufflepuff
0,Xinhan Yu,Philosophy,7,1595,,Yes,Gryffindor
0,Rishi Selvakumaran,Philosophy,7,3019,,Yes,Ravenclaw
0,Cassie Son,Philosophy,7,9511,,Yes,Slytherin
0,Ying Chen,Philosophy,7,6929,,Yes,Hufflepuff
0,Jaeseong Choi,Philosophy,7,9637,,Yes,Ravenclaw
0,Junyu Liang,Philosophy,7,2094,,Yes,Ravenclaw
0,Alexander Mckee,Philosophy,7,5772,,Yes,Ravenclaw
0,Ben Sampson,Philosophy,7,2674,,Yes,Hufflepuff
0,Gillian Bowman,Philosophy,7,3435,,Yes,Ravenclaw
0,Yitong Zhang,Philosophy,7,6219,,Yes,Gryffindor
0,Ciaradh Coomey,Philosophy,7,5902,,Yes,Hufflepuff
0,Tenzin Woeser,Philosophy,7,5979,,Yes,Gryffindor
0,Devin Luque,Philosophy,7,4104,,Yes,Hufflepuff
0,Nathan Yi,Philosophy,7,6046,,Yes,Gryffindor
0,Sile Wang,Philosophy,7,9147,,Yes,Slytherin
0,Xuan Huang,Philosophy,7,3529,,Yes,Hufflepuff
0,Sarah Christie,Philosophy,7,3244,,Yes,Ravenclaw
0,David Clarkson,Philosophy,7,1404,,Yes,Slytherin
0,Xiaolin Fan,Philosophy,7,4936,,Yes,Ravenclaw
0,Alvin Tan,Philosophy,7,1635,,Yes,Slytherin
0,Prince Moore,Philosophy,7,6558,,Yes,Slytherin
0,Sarah Korth,Philosophy,7,5676,,Yes,Ravenclaw
0,Chen Zhao,Philosophy,7,2068,,Yes,Hufflepuff
0,Ishika Nimmagadda,Philosophy,7,3449,,Yes,Gryffindor
0,Peter Zhang,Philosophy,7,7491,,Yes,Gryffindor
0,Lauren Lea,Philosophy,7,5502,,Yes,Hufflepuff
0,Josh Militti,Philosophy,7,9457,,Yes,Ravenclaw
0,Henry Hein,Philosophy,7,6081,,Yes,Gryffindor
0,Jennifer Rosauer,Philosophy,7,6513,,Yes,Hufflepuff
0,Michael Adebayo,Philosophy,7,5515,,Yes,Gryffindor
0,Dat Phan,Philosophy,7,4168,,Yes,Slytherin
0,Rachelle Maltese,Philosophy,7,4434,,Yes,Hufflepuff
0,Patrick Jaime Simba,Philosophy,7,4914,,Yes,Gryffindor
0,Sayuj Shah,Philosophy,7,2035,,Yes,Slytherin
0,Benjamin Stever-Zeitlin,Philosophy,7,5765,,Yes,Ravenclaw
0,Tipa Aji,Philosophy,7,8816,,Yes,Hufflepuff
0,Kira Balentine,Philosophy,7,3261,,Yes,Hufflepuff
0,Michael Weiner,Philosophy,7,1934,,Yes,Slytherin
0,Zhouyang Gao,Philosophy,7,9208,,Yes,Gryffindor
0,Grace Backstrom,Philosophy,7,4653,,Yes,Ravenclaw
0,Zhaoyan Zhou,Philosophy,7,9877,,Yes,Hufflepuff
0,Kenji Her,Philosophy,7,7089,,Yes,Ravenclaw
0,Kunal Rastogi,Philosophy,7,7825,,Yes,Gryffindor
0,Brady Partington,Philosophy,7,9868,,Yes,Gryffindor
0,Kylie Nhu,Philosophy,7,3973,,Yes,Hufflepuff
0,Zhenan Shao,Philosophy,7,4132,,Yes,Hufflepuff
0,Yuchen Meng,Philosophy,7,7085,,Yes,Gryffindor
0,Guy Heifetz,Philosophy,7,9736,,Yes,Slytherin